Date,GC=F,AAPL,NVDA,BTC-USD,SHY,GE,TLT,ETH-USD,VPU,NBIS
2024-10-22,0.007718602631013913,-0.0026252193829980563,-0.0008352359522236715,-9.56779931777652e-05,-0.00012124208317755908,-0.09481603045486288,0.0009753570866754745,-0.01722154792344878,-0.0031364425207165685,-0.0656057815381261
2024-10-23,-0.01091867720094922,-0.02186017534867274,-0.028467573344633484,-0.013890438213698968,-0.0006063330094244234,0.028075116712075812,-0.0027116383499408347,-0.04332602482144412,0.00847442249387466,-0.08754540684811697
2024-10-24,0.007523937915991553,-0.0008236002782341415,0.006072150576929348,0.02569154796745315,0.0004849782731717512,-0.01079058488706529,0.006387456332041966,0.010072125451518981,-0.006591485667092464,0.02702086363945473
2024-10-25,0.002191461563702766,0.0036365261370125174,0.00801561364956664,-0.02253213347279499,-0.00036376064637346146,-0.0035671399044563848,-0.005627661199634975,-0.039665511408436306,-0.014123557235742074,0.10439581700672061
2024-10-26,0.0,0.0,0.0,0.00557070573324996,0.0,0.0,0.0,0.017768286644448166,0.0,0.0
2024-10-27,0.0,0.0,0.0,0.013555484057566741,0.0,0.0,0.0,0.010565606337183628,0.0,0.0
2024-10-28,0.00072942126259476,0.008562589122064366,-0.007232402857319112,0.028709215102556977,-0.0004853508337860861,-0.02110334755520571,-0.0027168547775509077,0.023430015732824112,0.0074885181666133685,0.19358476466672683
2024-10-29,0.009253781457162933,0.0011562592304311958,0.00518140000496346,0.03944659057776213,0.0003641332069876821,-0.0074983106135250764,0.0015222523696683489,0.02791075260486656,-0.020114690986313688,-0.004219431672506437
2024-10-30,0.007234316137240295,-0.015395954329437472,-0.013614365766067709,-0.00525236341818716,-0.0008500139680741549,0.00338402866573288,0.002929654341147766,0.007332923830771978,-0.0022863080901316603,-0.06959710919210857
2024-10-31,-0.01816650912342701,-0.018377251659528214,-0.048373896648429816,-0.029806220896924952,0.00024292086121685736,-0.01651210998806114,0.0016237770465710258,-0.054747302007758666,0.009288265999343955,-0.03131012327233612
2024-11-01,0.0001095688511384859,-0.013368729314728333,0.019690320908507957,-0.010490161236778449,-0.0003288448283674029,-0.00046589903220849247,-0.01419843414794471,-0.0015569071230169813,-0.022343401899403554,-0.05974800935872335
2024-11-02,0.0,0.0,0.0,-0.00278436278553029,0.0,0.0,0.0,-0.008321889126305491,0.0,0.0
2024-11-03,0.0,0.0,0.0,-0.00794258611024876,0.0,0.0,0.0,-0.014004616269904045,0.0,0.0
2024-11-04,-0.0009132920834320161,-0.004045643898041516,0.00478915923530701,-0.013615611362265724,0.0007309026521684771,0.00034957905212246393,0.015402395796895837,-0.02447820471317373,-0.010039408798711694,0.029838389691731502
2024-11-05,0.0015338367843668287,0.006465320924628079,0.027976817218828647,0.022572112490931908,-0.00024370558877930058,0.020172241434432015,0.005297556837006653,0.0106332889134209,0.015199195638506635,-0.0881072675102669
2024-11-06,-0.02688819289182318,-0.003272362593012207,0.03993244359178733,0.08666903126846402,-0.0012187324877287323,0.03089958191878944,-0.027770506683224824,0.11730125264069904,-0.00766025327158145,0.015666077213857117
2024-11-07,0.011479740190580862,0.02114697645662137,0.022208924224246574,0.0035076496874788744,0.0017058882965511417,-0.010622606330662726,0.012450027912221114,0.0610238212650149,-0.0004174478846381957,0.06906200801698019
2024-11-08,-0.004047575121093911,-0.0011888904003588606,-0.008431620240758065,0.008404323339316332,-0.0007307246703948386,0.03278083014131087,0.012621277496263699,0.022777538004594824,0.018376435409758623,-0.03744280841080819
2024-11-09,0.0,0.0,0.0,0.0030444063813357424,0.0,0.0,0.0,0.05543374635533525,0.0,0.0
2024-11-10,0.0,0.0,0.0,0.04700704537184314,0.0,0.0,0.0,0.01903956214350408,0.0,0.0
2024-11-11,-0.0288015263656269,-0.012101599724031728,-0.016183930338923576,0.09734014312496264,-0.000731357158207747,-0.0013538223204866483,-0.004877457180148626,0.05590174711708531,0.004556276224598237,0.049936974960105254
2024-11-12,-0.00429842206071789,0.0,0.020644539773887135,-0.008442066269106777,-0.0009759756627636469,-0.010457447794149215,-0.015106915290995577,-0.03883717170826067,-0.011135295926569316,-0.06613164524736219
2024-11-13,-0.00741199771886598,0.00396134099661683,-0.013715563230483988,0.02944485048776148,0.0014637046191547775,0.005024510113073584,-0.009531269047936539,-0.016668377768941905,-0.002064757881793233,-0.05398222676840442
2024-11-14,-0.004894201906120731,0.01367642800501692,0.0033443801879045514,-0.03749692231881138,-0.0014637046191548376,-0.02851333130579536,0.005773839325645813,-0.042763057630081716,-0.0038462348525363245,-0.026188051088673964
2024-11-15,-0.0009739185590534587,-0.014209646935919674,-0.033112302460422585,0.04280211829142622,0.0010977584829302283,-0.008274120757219046,-0.002660325790896019,0.01431114127592229,0.01430332909189819,-0.027460384123612003
2024-11-16,0.0,0.0,0.0,-0.00558881224411838,0.0,0.0,0.0,0.009695994492798173,0.0,0.0
2024-11-17,0.0,0.0,0.0,-0.007900350440318173,0.0,0.0,0.0,-0.0185584011251578,0.0,0.0
2024-11-18,0.017348790536743833,0.013333049042482625,-0.012973105668497487,0.007725465406075372,0.000731366184551136,0.003329210148704096,0.0017743966347028902,0.0420829005896754,0.008612265193233073,0.050952330216771716
2024-11-19,0.006300496006653572,0.0011394812548946932,0.04778747181089832,0.019697543183651734,0.0,0.00022525264285901304,0.0050843247387054365,-0.03053528608605521,0.005950141467561294,0.10886404699863758
2024-11-20,0.007999532098494133,0.003149154723326565,-0.007647675353840602,0.021381444998432572,-0.00048745261665540164,0.0023626133766578472,-0.0032021799514155257,-0.012677646434410245,0.0008635760373107113,-0.003395574235216885
2024-11-21,0.008984571185138249,-0.002098244672594998,0.005332271265106755,0.04320463738221239,-0.00024391356789579474,0.004037142169134821,-0.0007747885325476689,0.08986459438020718,0.016890475980737372,0.06672272665960124
2024-11-22,0.014046981134497769,0.005890069362698143,-0.032710356948934205,0.004991722095061175,-0.00012178282016669719,0.013617089922040953,0.0005534431404793683,-0.008801683663305197,-0.0038551532173765643,0.06553233556870669
2024-11-23,0.0,0.0,0.0,-0.012404002529793906,0.0,0.0,0.0,0.019211127992395893,0.0,0.0
2024-11-24,0.0,0.0,0.0,0.0024162403264788948,0.0,0.0,0.0,-0.009634405505680803,0.0,0.0
2024-11-25,-0.03495948190340738,0.012966438762304425,-0.0426727915584615,-0.05140963729329047,0.001949000432193878,-0.005202477446366112,0.02555846601945873,0.01472139104925894,0.002722911475226846,0.0
2024-11-26,0.001336617767776714,0.009360569205563381,0.006594654136738831,-0.012069852534281012,0.0,0.02406838709942276,-0.0038899118550743397,-0.02582512070414831,0.013447852905084266,-0.060092574332862074
2024-11-27,0.007452166991228204,-0.0005533082243189591,-0.011606703072908339,0.04232881330495687,0.0006083639804101667,-0.02190658181633753,0.006904933382142326,0.09478538754645882,0.00033530440264389774,-0.03169039086808777
2024-11-28,0.0,0.0,0.0,-0.003236310003132818,0.0,0.0,0.0,-0.021401146668093715,0.0,0.0
2024-11-29,0.006456666117155565,0.010163989780199235,0.021273715587895096,0.018736162907207532,0.001215520995940461,0.008600788015743103,0.01026855925237328,0.003814943374230773,0.0007261814783095516,0.025795970432146192
2024-11-30,0.0,0.0,0.0,-0.010442730465097628,0.0,0.0,0.0,0.03074851569555738,0.0,0.0
2024-12-01,0.0,0.0,0.0,0.008576311620290235,0.0,0.0,0.0,0.0014722430127681644,0.0,0.0
2024-12-02,-0.008352473231234763,0.009477573029683793,0.002744673886750865,-0.014647119798360832,-6.081430354298547e-05,-0.009487265952054106,0.0023995410705551674,-0.018209406755861343,-0.020190220061857552,0.15784683295152635
2024-12-03,0.003712425318383127,0.012690907592908156,0.011689512398268214,0.0014266034685602644,0.00012182043546021792,0.0015506507063060523,-0.008666419684733114,-0.0064658468521986735,-0.007835557504766012,0.13017625327838878
2024-12-04,0.003434974654697664,0.0014825960715170573,0.03420085416123337,0.028408310872006196,0.001096009592633765,0.010622830129423192,0.01068849584548328,0.05914833494591177,-0.0020692979459857683,0.09676594195186264
2024-12-05,-0.010302322170881693,0.00012335582141173273,-0.00048233551045915354,-0.022266865312221884,0.0,-0.05480045814599708,0.0020180814479213985,-0.0079251353622021,0.002528530551254494,-0.03624160623436477
2024-12-06,0.004558239129528256,-0.000823249375474253,-0.018226581700649638,0.03386480176780916,0.0009733534069370737,0.015323463926391905,0.001484261324728227,0.0498521437821613,-0.011486702909056578,0.16554709165692788
2024-12-07,0.0,0.0,0.0,2.62704848226063e-05,0.0,0.0,0.0,-0.0007786523927710283,0.0,0.0
2024-12-08,0.0,0.0,0.0,0.013051327819741106,0.0,0.0,0.0,0.0007522012085822692,0.0,0.0
2024-12-09,0.00991798633808684,0.015972915703731865,-0.025814901171342337,-0.03829250346621322,-0.00036475011606458823,-0.02456155424848925,-0.009259828464255503,-0.07434792132244801,-0.012090245631724032,-0.14019721551052322
2024-12-10,0.012196028210303023,0.004125246784980521,-0.027312890067357407,-0.007802793553987951,-0.00012161294304647357,-0.00029196580675855676,-0.004716062924419684,-0.023633887951846233,-0.006780496465564748,0.05301276774543229
2024-12-11,0.013330075570755336,-0.0051793893373974125,0.030908435127401213,0.04547294957076326,-0.00024366079375330528,-0.015474954663187334,-0.009499290933975568,0.05386366878061331,-0.005695534637962691,-0.027679323921051345
2024-12-12,-0.017081207143532985,0.005945985871875423,-0.014241993437873687,-0.011232138149604486,-0.00048681601176891716,-0.02285153231042015,-0.012221674434562246,0.013032853981372694,-0.002204069291687699,-0.045242433547489365
2024-12-13,-0.011790161839593786,0.0006853230245617479,-0.022755880284121857,0.014057223472297039,-0.00048724857211250144,0.0071333343154232716,-0.010263383022926105,0.0072113869709225994,0.0003577339939020515,-0.01868610827640113
2024-12-14,0.0,0.0,0.0,-0.0008508417934171539,0.0,0.0,0.0,-0.011003244988306717,0.0,0.0
2024-12-15,0.0,0.0,0.0,0.02845237769652882,0.0,0.0,0.0,0.021364543575881818,0.0,0.0
2024-12-16,-0.0017334660635325901,0.011659509156606171,-0.01690196132161028,0.016460567443030164,0.00012195654668183722,-0.0013261847684029567,0.0029905387669792306,0.008952800788842093,-0.006938463055141945,0.08266595141512398
2024-12-17,-0.00264360600282425,0.009672571193008132,-0.012271801418391242,0.0010452246330361938,0.0001217462676405134,6.044167827859403e-05,0.0024301335504042262,-0.025582213898984484,-0.0043916594806727985,-0.12960416775213732
2024-12-18,-0.0029918795594432402,-0.021654581372245633,-0.011415412673756687,-0.059179154653770175,-0.0018348976212738475,-0.03592110379956353,-0.012582987029766882,-0.07143741459791197,-0.025069161783340368,-0.07978711618588194
2024-12-19,-0.01694536281780769,0.006990158875966732,0.013636898095124089,-0.025825905125142587,0.0011014598757204664,0.02987129615809722,-0.015257355419000787,-0.05710555070104135,0.005095264182343012,-0.0014776846419272474
2024-12-20,0.01398249166131256,0.01864105628513431,0.03029856619282355,0.002714273553183173,0.00012240733794484395,0.021431357248184395,0.005678199159839918,0.015855679498072085,0.013849369822694095,-0.012648984242411489
2024-12-21,0.0,0.0,0.0,-0.00544879117211963,0.0,0.0,0.0,-0.039751344867883016,0.0,0.0
2024-12-22,0.0,0.0,0.0,-0.022044180382015402,0.0,0.0,0.0,-0.018047184722855183,0.0,0.0
2024-12-23,-0.006258330803749558,0.0030603049027731082,0.03623239127367423,-0.0044121754491209825,-0.0006115018173036277,0.0038530555808664667,-0.009214737213131173,0.04131578891043393,0.0038437671629079845,0.069766327935994
2024-12-24,0.00294323974486273,0.01141259665301568,0.0039302304160751846,0.041273994068279446,0.0004890944793587691,0.014507979828797191,0.004219696473303787,0.022081448333140734,0.004920156858225449,-0.013887840291426106
2024-12-25,0.0,0.0,0.0,0.006294761562737073,0.0,0.0,0.0,0.00033944122820036106,0.0,0.0
2024-12-26,0.007149969097485895,0.003170827085249348,-0.0020704058459397423,-0.035921593296803764,0.0002446041911661284,0.0038412101713669183,-0.0005691898042031212,-0.04748798822014693,-0.0021836949964759325,-0.006571424848248071
2024-12-27,-0.008219261513672152,-0.013330669077698537,-0.02108833449043473,-0.01716880486495554,0.0002442511917188689,-0.010469455996876278,-0.00823227512782423,-0.0006933298713642455,-0.002675666366138385,-0.027092139711386257
2024-12-28,0.0,0.0,0.0,0.010553910906912645,0.0,0.0,0.0,0.020511259981722818,0.0,0.0
2024-12-29,0.0,0.0,0.0,-0.017316317368601404,0.0,0.0,0.0,-0.01434319366939035,0.0,0.0
2024-12-30,-0.004250136932791706,-0.013352235507366247,0.00349716305354325,-0.00952898919172895,0.0014659145807891156,-0.011709842314556134,0.008004508461583126,0.0020516699153482506,-0.0039045626585192373,-0.014383408319600454
2024-12-31,0.008824710411780469,-0.007082836436608911,-0.023549378486750698,0.00844829005287248,0.0006102047194418501,-0.007823547046616513,-0.005367413313178372,-0.007134462860039393,-0.001039717220265123,0.028562933125606937
2025-01-01,0.0,0.0,0.0,0.010546386456946345,0.0,0.0,0.0,0.006273517295701473,0.0,0.0
2025-01-02,0.011232867866452192,-0.026586212434698622,0.029495854198452288,0.02579371069354611,-0.0002441347563796878,0.010734216692791721,0.002744269117953978,0.0287719812471198,0.006708624062690787,0.09662206549420828
2025-01-03,-0.005241401391997348,-0.002011442810008744,0.043574381550611226,0.01251903875349227,0.0,0.019792206788756858,-0.003202503465536791,0.04354668421094001,0.010761176030576674,0.0217223671867382
2025-01-04,0.0,0.0,0.0,0.001311953703357832,0.0,0.0,0.0,0.014511910498409194,0.0,0.0
2025-01-05,0.0,0.0,0.0,0.0008011590284728617,0.0,0.0,0.0,-0.006473868081853754,0.0,0.0
2025-01-06,-0.0024984295005021796,0.00671637533317459,0.033756070053507004,0.03756185651681786,0.00024413475637974203,0.002845426403357092,-0.004477826834527264,0.01488753131858787,-0.010700491390675639,0.0012820196763359676
2025-01-07,0.006912096917743294,-0.011453089516603747,-0.06418613606176692,-0.05182428297869528,-0.0006102047194419377,-0.0008120894336603954,-0.011341229091309763,-0.08690776855318222,-0.0029216470112903453,0.010197717468876356
2025-01-08,0.0029316900271960217,0.002020983396249784,-0.0002140470771220685,-0.019578857696565647,0.0006102047194418501,0.0033603268215436975,0.0012794538644029516,-0.01647288739964766,0.0007312123944198211,-0.025691879897675025
2025-01-09,0.007217296123672955,0.0,0.0,-0.027298849179035745,0.0,0.0,0.0,-0.03266486590658005,0.0,0.0
2025-01-10,0.009161257237443541,-0.024399105221617683,-0.030434810508772607,0.02369326562915915,-0.0018315369375626223,-0.006965042260798088,-0.006647893472326277,0.014817571558857769,-0.007336199234846391,0.07638256329516398
2025-01-11,0.0,0.0,0.0,-0.0014250624978636736,0.0,0.0,0.0,0.004497241268526795,0.0,0.0
2025-01-12,0.0,0.0,0.0,-0.0008268095689983134,0.0,0.0,0.0,-0.004968300347394521,0.0,0.0
2025-01-13,-0.013006500709167285,-0.01039798114561187,-0.01991594804979075,0.000297197889065057,0.00024442487690895406,-0.0006990544246508056,-0.0003510121057883502,-0.040762470862644534,-0.010672226911146105,0.07376349622263656
2025-01-14,0.001495047933117684,-0.004789573821754613,-0.011095060700391828,0.02112109307155958,0.0002443651479873913,0.03036705290593054,-0.0016398450339411626,0.027736408727976197,0.013674288677724952,0.03222970488089018
2025-01-15,0.012987195526811112,0.019484796739882716,0.03343616578197316,0.04030666140622702,0.0021962135718233125,0.019208062447311956,0.017088349870286363,0.06800506244582687,0.01523883387075941,0.0035178244472510423
2025-01-16,0.012420208736854522,-0.041238961701597514,-0.01979237157166056,-0.007466135920999606,0.0006090203581747693,-0.0030551811486334945,0.003222034746565816,-0.04208191502412489,0.02334416068404952,0.015279742124696197
2025-01-17,-0.000764876477197021,0.007507052116405549,0.030524318440046147,0.046087453886957834,-0.00024348571146491573,0.017154755234648232,0.0017218785777820323,0.04888938944737178,0.001646665350549011,-0.042108603492128485
2025-01-18,0.0,0.0,0.0,-0.0005167685444558994,0.0,0.0,0.0,-0.04966217811293385,0.0,0.0
2025-01-19,0.0,0.0,0.0,-0.032299629277246486,0.0,0.0,0.0,-0.029727086231321007,0.0,0.0
2025-01-20,0.0,0.0,0.0,0.009128828074566006,0.0,0.0,0.0,0.021296025259985578,0.0,0.0
2025-01-21,0.003891391478642485,-0.03243631600187724,0.022403425677288254,0.03968183425876291,0.00036530370939210884,0.025112706732022507,0.008906010607932764,0.01494881693485586,0.014120906479237985,0.04237455167073566
2025-01-22,0.004563111323176753,0.005330777971238557,0.04335520583876181,-0.023768546993042258,-0.0002435534429982139,0.004576253843133678,-0.005242549028582331,-0.026550445302571023,-0.020783428975752978,0.04980287464879389
2025-01-23,-0.0016272807543716752,-0.000759684496291722,0.0010193839943005109,0.002958402684215798,0.0,0.06395433689285437,-0.00780096203047611,0.0287443006707829,0.0033661963919381648,-0.02251889091428668
2025-01-24,0.005125977145751084,-0.003942417567178101,-0.03174443740492834,0.00823181116278129,0.0006088210893307579,-0.020375655494797505,0.0044815206684553355,-0.007573233345215728,0.009739699655860344,0.07597326540369799
2025-01-25,0.0,0.0,0.0,-0.0010006574570037008,0.0,0.0,0.0,0.002328295592442531,0.0,0.0
2025-01-26,0.0,0.0,0.0,-0.019597313563924395,0.0,0.0,0.0,-0.024762521012446293,0.0,0.0
2025-01-27,-0.014434155176814617,0.03128575899488104,-0.1859460486826266,-0.005809577851448121,0.0014601266130586756,-0.011707242603760964,0.01173996076547753,-0.017837847698675705,-0.021362932989054034,-0.4690925248190964
2025-01-28,0.010646340249542608,0.03589205215856238,0.08549730054987718,-0.007425167615395995,0.00024285578698496772,-0.00015443573607231106,-0.0006801243740658912,-0.03254997236383924,-0.01375347271674022,0.14302416157993295
2025-01-29,0.000830957531606674,0.004606056305560591,-0.04187567717055714,0.023126120746530303,-0.0006077848451910038,0.023735141403627782,-0.002043061390624804,0.011594904629125801,0.0019937401847040944,-0.012036274100362813
2025-01-30,0.019277756347583747,-0.007422164525603278,0.007650554502455861,0.009903181107726793,0.0006077848451910116,0.031979313731209894,0.0037425970111522556,0.04238511728102197,0.020135076925528284,0.06730964418168336
2025-01-31,-0.0037263817408137866,-0.006714687646088305,-0.03743489633417001,-0.022500491172309005,0.00012155151634931396,-0.009776625988583035,-0.006587252294531112,0.015424919053598832,-0.005932585747547404,0.026684817075983486
2025-02-01,0.0,0.0,0.0,-0.017227936971828707,0.0,0.0,0.0,-0.056099456678397046,0.0,0.0
2025-02-02,0.0,0.0,0.0,-0.029919108206548826,0.0,0.0,0.0,-0.08344067699827871,0.0,0.0
2025-02-03,0.007580052840268373,-0.03444227081030744,-0.02881111168562612,0.03733783666464687,-0.0006951125279426058,0.0026491581588253496,0.008109231872345486,0.0055182004281227595,0.0059917342253345395,0.019706610562869587
2025-02-04,0.006822415916365941,0.02079023414072548,0.016914206165716338,-0.03546789334061943,0.0009754699923438166,-0.00950076064378962,0.0030577300880435354,-0.05322449942735329,-0.008673112182632116,0.035101630604136846
2025-02-05,0.006393163440626415,-0.001418506324541182,0.05077485051581471,-0.012920048753753386,0.0006094043038380639,0.011800730131055419,0.016375357268932515,0.019095058966454467,0.010032469156063355,-0.016659736246899478
2025-02-06,-0.005447355250461389,0.0032210325345983335,0.03037583582212831,-0.00022926951799646017,-0.00036544264500954247,0.007208335132594302,-0.00044493870899322874,-0.03629869234094331,-0.0001772148465885595,0.01810794034108023
2025-02-07,0.00394879297438717,-0.02426065142409419,0.008974120050238163,-0.0006649766736617645,-0.0010974215486816213,-0.003792449872420386,-0.006476206331532116,-0.024928623743827878,-0.0035509080196407844,0.09859387375044083
2025-02-08,0.0,0.0,0.0,-0.00048321269944663663,0.0,0.0,0.0,0.0038432364127754287,0.0,0.0
2025-02-09,0.0,0.0,0.0,0.00018282093727943363,0.0,0.0,0.0,-0.0013636717798480905,0.0,0.0
2025-02-10,0.016258833046568513,0.0011866048432538439,0.02832296972128091,0.009667728227994938,0.0004876001021657338,-0.0002923868804638845,-0.0030290947008933585,0.012267164782037834,0.010673871556017926,0.07183871947189199
2025-02-11,-0.0006178516064746903,0.021596960740299816,-0.005781540451379172,-0.01749792436938306,-0.00024362454750040695,0.01739009521964064,-0.006425117527513854,-0.022183787478293967,0.00509032120251764,0.010923690406591618
2025-02-12,-0.0012024393787544148,0.018105160277500504,-0.01257865126465079,0.022088315919347463,-0.0013426027606379793,0.003919115060923417,-0.013663070414976844,0.05024579395397725,-0.001051119312745052,-0.05253931229842132
2025-02-13,0.005792712774394366,0.01948219197777237,0.031154902860570374,-0.012976316589520155,0.0013426027606378646,-0.006124388421326063,0.016486140533936326,-0.022539920715982806,0.0018094158435632583,0.059276647638668016
2025-02-14,-0.014562544873085503,0.012630696381535942,0.025973733309642755,0.009118577917229297,0.0013406084764131284,-0.00043201669247842504,0.005286000430275939,0.018582178249458774,-0.0046174748339884155,0.06476333544411698
2025-02-15,0.0,0.0,0.0,0.0007317962415499838,0.0,0.0,0.0,-0.012005247865075232,0.0,0.0
2025-02-16,0.0,0.0,0.0,-0.014506383627455663,0.0,0.0,0.0,-0.011291737700936885,0.0,0.0
2025-02-17,0.0,0.0,0.0,-0.004184968400662239,0.0,0.0,0.0,0.029553083215087584,0.0,0.0
2025-02-18,0.01650883496677148,-0.0005317021575472372,0.003953285283349827,-0.0024445399934847232,-0.0008531272932543114,0.008652987172758942,-0.011848023499156621,-0.027294188903542998,0.011301550837932734,0.07739379301251624
2025-02-19,-0.004170300117599673,0.0016347526969536779,-0.0012203144289284471,0.01140703518992484,0.0007314074558670085,0.0019972902550194236,0.0012480233131742502,0.01724506306915038,0.0037004723713752606,-0.06978067654554636
2025-02-20,0.0070314990870447855,0.003912811654171432,0.00630060974003788,0.01742191135803241,0.00012171983738739902,-0.008396196010628727,0.0037341168820888625,0.009023070046993532,0.0003460359682214105,0.031183864946681607
2025-02-21,-0.0008166266630073181,-0.0011396196737955427,-0.04138426330905019,-0.02271409470424543,0.0017039773136201628,-0.04362240725246941,0.012012627209272314,-0.029902349843719034,-0.0002884157699190348,-0.14931556410909352
2025-02-22,0.0,0.0,0.0,0.00469334730219672,0.0,0.0,0.0,0.038492895560236925,0.0,0.0
2025-02-23,0.0,0.0,0.0,-0.0031509830703417255,0.0,0.0,0.0,0.020511918097523604,0.0,0.0
2025-02-24,0.003500064634192458,0.006292583527608945,-0.03135748577583991,-0.05175320553649131,0.0007292497705209647,-0.0056205865256506865,0.00289700886100366,-0.1153974020454973,-0.00398991892444835,-0.09513441369161328
2025-02-25,-0.01483176087132524,-0.00024284017802449242,-0.028416584572387975,-0.029776669354997204,0.0013354654511776214,0.0028142806927212547,0.01710005148636298,-0.008079567833921199,-0.0037150794983106966,-0.057093513930194725
2025-02-26,0.0042258832321174136,-0.02741248427073416,0.03606298840298956,-0.05072808622097089,0.0003642775974758012,0.011674409509050715,0.005889562175173178,-0.06723293096623037,0.003946905853081381,0.05044524357212852
2025-02-27,-0.011586370186078948,-0.012812641569737163,-0.08859145138795066,0.00422598066095089,0.0003634685804712386,-0.0008932438517651322,-0.007093474018553712,-0.011200727179471915,-0.02083779940050003,-0.11566605623764563
2025-02-28,-0.016224097946286358,0.018951168699580183,0.03893246799676805,-0.003917962993897036,0.001817582215053399,0.027180332223539105,0.012191327685686083,-0.029750512811404645,0.01409549834843687,0.013635241780019926
2025-03-01,0.0,0.0,0.0,0.019470783362415745,0.0,0.0,0.0,-0.009546253209763234,0.0,0.0
2025-03-02,0.0,0.0,0.0,0.09121501495686515,0.0,0.0,0.0,0.12814366644777012,0.0,0.0
2025-03-03,0.01864901343751476,-0.015879594879338637,-0.09094886812093542,-0.09082270482945609,0.0006432007106722353,-0.02455252721238004,0.004656263874064525,-0.16073059198113754,0.00145691004478869,-0.14516281142690046
2025-03-04,0.00668996126638687,-0.008861605915058862,0.01677934865633183,0.013348200634372372,0.00012134315806946655,-0.01592136426294592,-0.012391698225867115,0.011327039159087922,-0.015197590977067483,0.052342572811385824
2025-03-05,0.001957098953760298,-0.0008056607490407478,0.011230835522425093,0.03825541905303624,-0.001092715337322669,0.01859153701601479,-0.008016338152169827,0.032624054470729545,-0.007656551361816335,0.018735892973250366
2025-03-06,0.0004458405723709752,-0.0017406430054477712,-0.05908597552508898,-0.007329931515325766,0.0006070614919602571,-0.032370102645873526,-0.003313083377567746,-0.01777564914208305,-0.02046535024403473,-0.11844619665085077
2025-03-07,-0.004088489842890409,0.0157676106755352,0.01899190692690696,-0.0364383782693103,-0.00012130567347435234,-0.011285244084301382,-0.003213055758756513,-0.029249939244508128,0.01736237147627824,0.04344543630116978
2025-03-08,0.0,0.0,0.0,-0.006802656950121629,0.0,0.0,0.0,0.028810994834996623,0.0,0.0
2025-03-09,0.0,0.0,0.0,-0.06663174322153219,0.0,0.0,0.0,-0.08827175789597289,0.0,0.0
2025-03-10,-0.004727634903135915,-0.04969413155181906,-0.05199885656777883,-0.026005355987276976,0.0018191006680008661,-0.007105528529886333,0.010377522231720554,-0.07967653516610534,0.010700402635593229,-0.06570631294523553
2025-03-11,0.007546651957820141,-0.02962381962955832,0.01650173764391432,0.05367293406512474,-0.0006060313883265132,-0.0020841723202114945,-0.00716446647296397,0.031049127522702755,-0.00819330907649794,-0.029425209430348945
2025-03-12,0.008954330271122598,-0.017633259546295535,0.06229466722872634,0.010326959815815329,-0.0007274529189068174,0.016963639335737926,-0.0059913522276421926,-0.005673973790330683,-0.00412196668990488,0.10967335876062183
2025-03-13,0.015261784579635519,-0.03422271635173176,-0.0013833270351496358,-0.032233767760911476,0.0007274529189067458,-0.013319183435411178,0.008753075605253064,-0.02439868843331954,0.0031675660738591242,-0.08177541227775252
2025-03-14,0.003412042879592822,0.018007534266819395,0.051349503358979635,0.03517658147592443,-0.0007274529189068174,0.024081503230752522,-0.005309237960024107,0.02465264658862097,0.019032407365621208,0.09402404778598408
2025-03-15,0.0,0.0,0.0,0.00444422215127116,0.0,0.0,0.0,0.014519685568090907,0.0,0.0
2025-03-16,0.0,0.0,0.0,-0.021129378542194648,0.0,0.0,0.0,-0.026125312781194558,0.0,0.0
2025-03-17,0.0018350159457296321,0.002385998899966654,-0.017745076192819592,0.017953698574085318,-0.00036431068729315236,0.024654218885162293,0.004978152323320997,0.02074711426099319,0.00478941941531759,-0.01612934956765925
2025-03-18,0.011632116405335577,-0.00614026484512594,-0.03490312740325705,-0.01627415768219446,0.0,-0.006156709564313563,0.000992663518285762,0.002871078927171029,-0.007016615853463593,-0.09718541982054582
2025-03-19,0.00026348367390129166,0.011917934923602554,0.017944185713931787,0.048787879453061046,0.001455676841707428,0.023527121766626986,0.005167989716801407,0.06277568959842908,0.003046620162789189,0.07176787174372334
2025-03-20,0.001349626670783865,-0.00531050101102017,0.00855759219508468,-0.0314259156183106,0.00024211815281912174,-0.008009875123360688,0.000657821380116602,-0.037455863474503096,0.00408652471638244,-0.05228614198991669
2025-03-21,-0.007196904393713174,0.019289689122107614,-0.007027070855381342,-0.0014737866362900664,0.0006056643367164459,0.0009803091288481237,-0.0059360289785439085,-0.008742163255528916,-0.0073092876568831375,0.030291106203870485
2025-03-22,0.0,0.0,0.0,-0.0025108802510379665,0.0,0.0,0.0,0.0077013049797792395,0.0,0.0
2025-03-23,0.0,0.0,0.0,0.02615878981767563,0.0,0.0,0.0,0.012677317190986968,0.0,0.0
2025-03-24,-0.0016911295043418105,0.011207339840889797,0.031034325734698574,0.016647018673748026,-0.0013329653536658169,0.029445142189405145,-0.010306582707747208,0.03536186753998939,0.0008213946366644679,0.07873036934910171
2025-03-25,0.0035117493782604987,0.01358913226042406,-0.005947997580503561,-0.0003110343685901033,0.00036386106880027905,0.008997067523067594,-0.00011128289031693717,-0.004687233608202074,-0.015248301790793612,-0.0717127769156555
2025-03-26,-0.0009264629905246514,-0.00997136662313961,-0.059134310275674576,-0.006547157036869115,-0.00024259144017727078,-0.022694666435019724,-0.00659479856834756,-0.028736584831997834,0.006217704631035976,-0.09490544329664392
2025-03-27,0.012925489441903849,0.01041825161761037,-0.020694319286352,0.0031735085032361422,0.00048502777438716205,-0.007211050841557073,-0.0029200623351228927,-0.003406125470101087,-0.00011928649489095193,0.02793480837740562
2025-03-28,0.008557505502098309,-0.026940077618821858,-0.01592077694349004,-0.032929565500329085,0.0018160170805201399,-0.02957631308962959,0.013739191326441203,-0.05484099578862807,0.007541864724713927,-0.13010780682063625
2025-03-29,0.0,0.0,0.0,-0.02103168000812764,0.0,0.0,0.0,-0.03663361798023462,0.0,0.0
2025-03-30,0.0,0.0,0.0,-0.0031899515997126566,0.0,0.0,0.0,-0.01161507948672106,0.0,0.0
2025-03-31,0.01169228804819296,0.019226604139278056,-0.011832353585052373,0.002600512811616096,0.0007254460101048554,0.0013497797843916688,0.009825293639574968,0.009511248469109864,0.010475617392661164,-0.05528809373326312
2025-04-01,-0.0012497066576345498,0.004760651082845126,0.01619958812828833,0.03124852053156838,0.00036396560461228407,0.01802304095573104,0.008628243469205186,0.0439932043987864,0.0030396978483707084,0.07217743155574596
2025-04-02,0.006710576935193882,0.003131424661602211,0.0024481273129586065,-0.03201445832298525,-0.0007278716079341579,-0.019923225339771245,-0.000656115589172881,-0.05956044751702156,0.0036123151730738223,0.07470592479606201
2025-04-03,-0.013757020186500003,-0.09701333996766034,-0.08128106646665668,0.007453656492041082,0.003754278376661869,-0.0626948375772152,0.004583273507994195,0.011256974898995098,-0.005306365103272529,-0.11609735085122207
2025-04-04,-0.02782959105341858,-0.07568027827730114,-0.07642295152473824,0.008876865806506007,-0.0006047214308744952,-0.11761654672620203,0.010828424421357744,-0.00016634769948358936,-0.056154679763656595,-0.07040469731390685
2025-04-05,0.0,0.0,0.0,-0.004051522069073574,0.0,0.0,0.0,-0.0051704843188780415,0.0,0.0
2025-04-06,0.0,0.0,0.0,-0.06544922522509501,0.0,0.0,0.0,-0.13574782128357926,0.0,0.0
2025-04-07,-0.02035854214521939,-0.03742594463335631,0.03470002254623926,0.012967507560798076,0.00012103099269954344,0.005321234316684349,-0.03062001533577481,-0.013721334859379302,-0.014827941192046475,0.03677232492441602
2025-04-08,0.0057772864227977104,-0.051101834349552816,-0.013818918685907799,-0.03811707626174969,-0.000604726674605421,0.00990892297106047,-0.01905919284547235,-0.0546327987842089,-0.006043820932359075,-0.04817276797345788
2025-04-09,0.02924741627141751,0.142617325001121,0.1716206566786014,0.07938900944238107,-0.0006053801777264952,0.10046585542937463,0.00586861368453582,0.12465161047070344,0.03797886051844618,0.1565690482895153
2025-04-10,0.03178139946409088,-0.043318609189966585,-0.06094720820004916,-0.0363518545774045,-0.00012108167654526708,-0.03124069112004023,-0.02795555452851371,-0.09128324001492942,-0.006709846084211288,-0.10887137281712747
2025-04-11,0.0210124709703548,0.03979216681856755,0.030757562677878148,0.04636385379527456,-0.0018180826937320633,0.000881059335220604,0.005423745042133369,0.028892475031186984,0.012710320484721255,0.022092522537191118
2025-04-12,0.0,0.0,0.0,0.022317029488567466,0.0,0.0,0.0,0.04758695132972755,0.0,0.0
2025-04-13,0.0,0.0,0.0,-0.018963852136872177,0.0,0.0,0.0,-0.028915393873991904,0.0,0.0
2025-04-14,-0.00541463975573675,0.021814363470557808,-0.0019851987412289177,0.010193602875445013,0.002181379589219679,0.02355492082224228,0.007110194238748044,0.016204402070607807,0.017135378397090315,-0.03693604955485229
2025-04-15,0.004327834993182707,-0.0018782257100493861,0.013368805296760837,-0.010384627625774925,0.0,-0.0017758508983931167,0.00353604683787408,-0.021260952961947972,0.0007719729422656845,0.028532624540917453
2025-04-16,0.03297325457193712,-0.039711573569180425,-0.07119154777139383,0.004351453244225117,0.0013307053216293746,-0.017494671775227903,0.005564134825626146,-0.006648569648291471,-0.00912321839130399,-0.011789808852517415
2025-04-17,-0.005395442489893157,0.013853268725293778,-0.02913122409811859,0.010204134780153822,0.0003626821022072248,-0.0036240705074232905,-0.008871812987618428,0.0028114412594665455,0.010961668435605563,0.021122623214866413
2025-04-18,0.0,0.0,0.0,-0.005254861395886236,0.0,0.0,0.0,0.004021066122809572,0.0,0.0
2025-04-19,0.0,0.0,0.0,0.007227854353502602,0.0,0.0,0.0,0.014990481640512511,0.0,0.0
2025-04-20,0.0,0.0,0.0,0.0013027740444132617,0.0,0.0,0.0,-0.01587852041533123,0.0,0.0
2025-04-21,0.029041937846947277,-0.01958340890990646,-0.04617737977834921,0.027155041278542923,-0.0006047666494788605,-0.01910419120035362,-0.017634170902386653,-0.004912655332703996,-0.023742050916201282,-0.03834795901675071
2025-04-22,-0.0015865736672474797,0.03349784962320651,0.020225297468870862,0.06548491099549585,0.00036296129720669445,0.058950955419518836,0.005566002074025668,0.10653976610910525,0.026404715077689277,0.05355912641730379
2025-04-23,-0.03729596062718759,0.024040195270372565,0.03790135709485257,0.0027489316822658697,-0.0007257670738483683,0.023508351683671987,0.009666139935080474,0.021823453566225958,0.0035391337471651937,0.0490950209071572
2025-04-24,0.016857972511505684,0.018258599166385933,0.035578012414590604,0.0026080137382399186,0.0012092236686864597,0.019075533717125673,0.010480935925920086,-0.014735575199703031,0.0010005815098998614,0.0632855612529725
2025-04-25,-0.01499789191023496,0.00435765200597914,0.042132911308412305,0.008233751969906927,0.0008453197819355332,0.005153627251923388,0.007339124086761489,0.009449256980928297,-0.0038307931483987936,0.0008173461151756568
2025-04-26,0.0,0.0,0.0,-0.0007770112983303527,0.0,0.0,0.0,0.019535846133511708,0.0,0.0
2025-04-27,0.0,0.0,0.0,-0.009470108357138424,0.0,0.0,0.0,-0.016054647143695623,0.0,0.0
2025-04-28,0.015147940676365497,0.004100952154228793,-0.020752557799449064,0.012969852186459676,0.0014474592392321676,0.012171755349117528,0.006280316500430305,0.0033336826310850502,0.007178039766753354,-0.015229721436262804
2025-04-29,-0.004119486550149282,0.005078907896642737,0.002663471703264267,-0.0073333094254447225,0.000602394828576418,-0.001793921124124703,0.008349356693973919,0.00018001671360959627,0.006894139060427788,-0.010423275258061413
2025-04-30,-0.004166813216927875,0.006089047804380452,-0.0009176760415840558,-0.0008220669855229902,0.0013242974743577361,0.005173581934266385,-0.008125940341428188,-0.0030060374028753173,-0.004434741959692419,-0.04851782452503768
2025-05-01,-0.02916553616172506,0.003851446517865031,0.024397011671066723,0.023965778896188162,-0.0020658461485197465,0.010218583388214205,-0.005083330285788984,0.02501986011273316,0.003094751973594882,0.051238287724954215
2025-05-02,0.006799232227835648,-0.038077521816382284,0.025564249547415624,0.004319853436324106,-0.0019368010268160456,0.019888334541550028,-0.01088312018727133,0.001893751208733253,0.006508562186612459,0.05982525355577669
2025-05-03,0.0,0.0,0.0,-0.010562998380901132,0.0,0.0,0.0,-0.004824189543207279,0.0,0.0
2025-05-04,0.0,0.0,0.0,-0.016569841900567834,0.0,0.0,0.0,-0.013862097671099437,0.0,0.0
2025-05-05,0.024270706904035648,-0.031963978788773294,-0.005956639137418856,0.004570714740087168,-0.0001212703510684452,0.005952341985961019,-0.005601108066850367,0.0061204042648664225,-0.0023777626917825937,-0.0650636103848488
2025-05-06,0.029781859324395553,-0.0019124614578998429,-0.0024629537471230005,0.021451265529472022,0.000848010400560232,-0.0016285927553939502,0.0033187646613581693,-0.0025365944781066225,0.011373337803769838,0.050789034173341734
2025-05-07,-0.008832939557882192,-0.011450071139791278,0.03053137522671338,0.002371543824223951,0.00036336312218286665,0.006308033319836505,0.004218098882869156,-0.0019195641123836865,0.0033811779569975628,0.09189161295483557
2025-05-08,-0.025398132101867026,0.006298593991509645,0.00264479561896846,0.062026403533745514,-0.002060007929242089,0.021536639023288038,-0.011211552618769388,0.19720006321216074,-0.008041830035111533,0.027664726343466492
2025-05-09,0.011700918988177024,0.005252220188113187,-0.006153430112763434,-0.002624571996284568,0.0004851178080113196,0.0021887225775568493,0.00149444571249404,0.06108753297833395,0.0007494975557264268,0.001770265805266198
2025-05-10,0.0,0.0,0.0,0.016618093181868365,0.0,0.0,0.0,0.09622623202823417,0.0,0.0
2025-05-11,0.0,0.0,0.0,-0.005650983970075977,0.0,0.0,0.0,-0.028350466587270695,0.0,0.0
2025-05-12,-0.03521122337030222,0.0612326109179342,0.05300634876742303,-0.012501714607270616,-0.0018200470728191513,0.018391580127635858,-0.009348688825412238,-0.005528712106074084,-0.006823665160604298,0.16495669400131038
2025-05-13,0.006284573623097743,0.010101128824685647,0.05481143125028611,0.013111031807523908,-0.00024292341867655168,0.011940222293147413,-0.004066479803070551,0.07101639120680912,-0.0018003482498907403,0.05627487532743081
2025-05-14,-0.018344612393290653,-0.0028217110739244236,0.040794262711428365,-0.006070027639406428,-0.0007291245275756477,0.007463730283745494,-0.006658602431193136,-0.02649071796891156,-0.004077388961308217,0.02381394175068746
2025-05-15,0.012277391287757004,-0.0041531247868547465,-0.003775350441351778,0.0019801487371228356,0.0019431519327943285,0.027132632020043367,0.008752121505278545,-0.024514424159045915,0.02182282498630161,-0.00917814861901864
2025-05-16,-0.012088782158285714,-0.0008990293659760663,0.004218666534108666,-0.002464381118651062,-0.00024259181651725548,0.010408611208360804,0.0026686693825202427,-0.004154641089668359,0.013950598983623283,0.041860817443402365
2025-05-17,0.0,0.0,0.0,-0.0028856472892223486,0.0,0.0,0.0,-0.02416022732598703,0.0,0.0
2025-05-18,0.0,0.0,0.0,0.031055414958406476,0.0,0.0,0.0,0.009038783738296415,0.0,0.0
2025-05-19,0.014631561796196542,-0.011808522701296861,0.001254695838942981,-0.007920998372646527,0.0003638177846470751,0.015030136071696098,-0.002901261246851707,0.012305960707905102,0.004607283587968709,0.006410323100783725
2025-05-20,0.015793404801633753,-0.009238802480674083,-0.008816338369222767,0.011157568710076757,0.0001213070118710914,-0.00012752807639815117,-0.007231080588818423,-0.001976377652648227,0.0024075837176271366,0.041205255471213585
2025-05-21,0.008801804902702907,-0.023329068660462676,-0.019386093484814387,0.026675054496876065,-0.0006065864710549241,-0.007337954972135388,-0.01723762557992352,0.01109987159403035,-0.018854650774122895,-0.0056367361026915625
2025-05-22,-0.005150277910234424,-0.0036188573585362064,0.007784472588990611,0.01802796394236439,0.0006065864710549615,-0.014100743780666555,0.005226159585190538,0.04287428444195701,-0.01388680522890867,-0.02919912782921877
2025-05-23,0.021425434503964738,-0.030711104878614524,-0.011661537423707832,-0.04006256233899459,0.0006064101062762605,0.010884082328270017,0.0016573710651987279,-0.053075731196588455,0.011719024013328853,0.020684097061647574
2025-05-24,0.0,0.0,0.0,0.004680702474076876,0.0,0.0,0.0,0.0016627539642371373,0.0,0.0
2025-05-25,0.0,0.0,0.0,0.011476897551184374,0.0,0.0,0.0,0.008310150759836423,0.0,0.0
2025-05-26,0.0,0.0,0.0,0.0037072948540294247,0.0,0.0,0.0,0.004837674772017543,0.0,0.0
2025-05-27,-0.019362124406121534,0.02498362692148352,0.031562961731518485,-0.00408109657520394,0.0003635165984876937,0.03789161982649739,0.013859758900858141,0.037857000045733294,0.008926215502048569,0.0313761114685622
2025-05-28,-0.0016685124798728683,0.0010483636887751138,-0.005105126806973366,-0.010999457493792041,-0.0007272611038054545,0.007786573169611907,-0.004325377069266659,0.007162632649870233,-0.01522820144599049,-0.005540211244029914
2025-05-29,0.007109715550713264,-0.002347869664731671,0.03197351965516137,-0.020245528009254558,0.0010909324363360794,0.002008924740955335,0.009212290010867168,-0.01864939819501646,0.007899735044019683,-0.040190817983458464
2025-05-30,-0.008537804000789136,0.004491066900633698,-0.02960257386263701,-0.015676574887611795,0.0012104558555141789,0.007141857704885672,0.0015078851131705795,-0.03979574968718857,0.008968664393493947,-0.034500036085834206
2025-05-31,0.0,0.0,0.0,0.006130518270315466,0.0,0.0,0.0,-0.0003384842587673538,0.0,0.0
2025-06-01,0.0,0.0,0.0,0.009643965283822335,0.0,0.0,0.0,0.0028345344571224593,0.0,0.0
2025-06-02,0.02453766635895122,0.004223038592199754,0.016513500505562415,0.0021692037754339633,-0.00082550808278126,0.006364044886509644,-0.009350145273213534,0.027544438260729224,0.0031595303743163247,-0.02006387320243847
2025-06-03,-0.006070768059979941,0.00775374755762891,0.02756804517640441,-0.004250198055930138,-0.00024326364149142448,0.005600937975969011,-0.0017630492321296578,-0.005313910650714507,0.0020821007686214824,0.034114373317122915
2025-06-04,0.006930750112583484,-0.0022163542450826016,0.004944626116286623,-0.006666084188030525,0.0018213666083195116,0.008044139523468611,0.016103111815680336,0.005906599013369018,-0.016722358086740517,0.05532323571419518
2025-06-05,-0.006781516425104247,-0.010856439653194092,-0.013692452665405617,-0.030597731847037197,-0.0010923263046530333,0.004136865105354556,0.0006941239350789307,-0.07659868477592427,-0.0015445720123238229,0.16162998312628912
2025-06-06,-0.008391573926159246,0.01626532194490758,0.01228211848812834,0.02733035306445883,-0.0017015387983759683,0.01461942522872526,-0.012805517984656069,0.024895297275804328,0.0036003569064134073,0.041875426331490155
2025-06-07,0.0,0.0,0.0,0.011669145986995247,0.0,0.0,0.0,0.01971027093844131,0.0,0.0
2025-06-08,0.0,0.0,0.0,0.0016841596083658347,0.0,0.0,0.0,-0.00624077827324931,0.0,0.0
2025-06-09,0.0028250744326858415,-0.012186562603219835,0.006400723144077613,0.041659964564867834,0.0007294625210340623,-0.01664596710203938,0.0010538223028773413,0.06578641928354498,-0.004975295505975155,0.08531848318039682
2025-06-10,-0.003366964044300687,0.006037878129545515,0.009281581599223064,-0.00033431842692466013,0.0,-0.03814729736968932,0.005136647214531164,0.048052794989455826,0.0029195106118855545,-0.0013322584408414551
2025-06-11,0.000120486130438958,-0.01938038534214743,-0.007810998523934495,-0.01434738860972619,0.0015791563854355283,0.014440675975880257,0.003022977354311683,-0.014314884050645356,0.0015422795033938853,-0.03764508662788792
2025-06-12,0.01778563010253441,0.0021106894117195567,0.015078685098274031,-0.02569916684533185,0.0008491217711572218,-0.022781158979395928,0.011886191352254343,-0.04488379180962811,0.011237359482098112,-0.005751149613230447
2025-06-13,0.014768122634469274,-0.013901381409216582,-0.021118073175124843,0.0015273471943905203,-0.0007278836028276332,-0.014226349315860715,-0.009683125366678242,-0.027646644951977682,-0.00645465825099397,-0.0646975958451315
2025-06-14,0.0,0.0,0.0,-0.005847555254663668,0.0,0.0,0.0,-0.01801050872339616,0.0,0.0
2025-06-15,0.0,0.0,0.0,0.0007545779547483326,0.0,0.0,0.0,0.005272581093273376,0.0,0.0
2025-06-16,-0.010194021599707037,0.009978032131971447,0.018977830742543268,0.011723623976989297,-0.0001212381683295702,-0.0002536599638259541,-0.01012865855823061,-0.002450025251177809,-0.004782701231104154,0.0682711614704761
2025-06-17,-0.0028895213050230267,-0.014109811963743698,-0.003947309718690903,-0.020773336361813687,0.0004852461965592346,-0.0033454155395692543,0.012095900272418728,-0.011816150483902362,-0.007274787467349885,-0.04312840132579108
2025-06-18,0.0009444399210661637,0.004793319988930654,0.009392319389974604,0.0026943395038619066,0.000485106223208656,0.0005937556440720293,0.0017327063178369372,0.0053783127371164275,0.0029850804716984158,-0.00020697643265941556
2025-06-19,0.0,0.0,0.0,-0.0018995217392710328,0.0,0.0,0.0,-0.0010495335058742672,0.0,0.0
2025-06-20,-0.0064221208610746846,0.022235410811889716,-0.01126743272200272,-0.013218729770939191,0.0007271707264248508,0.014644781937943031,-0.0018484001178490739,-0.04640733082546842,0.0016036056709716883,-0.007269706349643725
2025-06-21,0.0,0.0,0.0,-0.010237095073649533,0.0,0.0,0.0,-0.04538295151749372,0.0,0.0
2025-06-22,0.0,0.0,0.0,-0.012500036871865046,0.0,0.0,0.0,-0.03192460094781509,0.0,0.0
2025-06-23,0.0028461738938607515,0.002484428736317933,0.0022220651174162756,0.0444546821160779,0.0013316000342951145,0.034651942960233335,0.0032322790420172658,0.08332138861020585,0.012850529215462328,-0.010267280860913948
2025-06-24,-0.018013675886811464,-0.00597309245093179,0.02554314304890008,0.004421629398587352,0.0008467448543610576,0.00378608410639579,0.007234449775781133,0.010753586923480026,0.0038908079017475564,0.07190916158562723
2025-06-25,0.0029197688926843124,0.006270797391083371,0.04242730300362518,0.012329889288552448,0.00012095937919232017,0.004612364280715608,0.0012577567007525088,-0.011792454268337168,-0.013598813302774643,-0.05024162817552003
2025-06-26,0.0019217200310753606,-0.0027821336764694907,0.004590493120936221,-0.00374445620028651,0.0012078400254752649,0.004392160301484772,0.005015266723935306,-0.0013084904486505942,0.00793104214386237,0.08073999722417394
2025-06-27,-0.018101974273062114,0.0003980088646816655,0.01745740501441185,0.00120000602760066,-0.0003621988501762961,0.01388717590627361,-0.006387525782528706,0.0031901651171337433,0.0023341634584600813,-0.014554035747100406
2025-06-28,0.0,0.0,0.0,0.002231861322037002,0.0,0.0,0.0,0.00544847929008879,0.0,0.0
2025-06-29,0.0,0.0,0.0,0.009808164803266642,0.0,0.0,0.0,0.025861987908843406,0.0,0.0
2025-06-30,0.006303198845365553,0.020135985651885714,0.0015203325251185616,-0.011602107852204922,0.0007244564377013886,0.011252380965733451,0.009792865112223853,-0.005812878698818224,0.0036892551338717867,0.06515323501590271
2025-07-01,0.012758252337171075,0.012833452642264409,-0.030134974737803088,-0.013504224993731051,-0.0010416425190275663,-0.03305933879423025,0.0024765060537308885,-0.03298229937844865,0.002772181259826753,-0.09511139820355283
2025-07-02,0.003380872641776682,0.021987220737205337,0.025439993152528935,0.02946777720135706,-0.00012127566810576763,-0.017295975990555355,-0.006373902098995416,0.06654592952363875,-0.007827084421942717,-0.00678104201497524
2025-07-03,-0.004910454236063616,0.005211382965499187,0.013203438882959067,0.007218611789243165,-0.0010916676060291352,0.008665188146792872,-0.0069894280422445965,0.007621334375845826,0.007657689268271763,0.005587697154352058
2025-07-04,0.0002700746795615175,0.0,0.0,-0.014825919147368482,0.0,0.0,0.0,-0.032354464051921744,0.0,0.0
2025-07-05,0.0,0.0,0.0,0.0018203901235928528,0.0,0.0,0.0,0.0034867008319645725,0.0,0.0
2025-07-06,0.0,0.0,0.0,0.009205212306969758,0.0,0.0,0.0,0.021207974563753385,0.0,0.0
2025-07-07,-9.004121131513318e-05,-0.01700160343653164,-0.006927356204234811,-0.008570920982479692,-0.00024267012627164478,0.00860319080196637,-0.009589405123083237,-0.01103726901740234,0.0011294333334273055,-0.04914843410726262
2025-07-08,-0.007591297859755788,0.00028579759973666486,0.011060928263480669,0.005987787747688724,0.00012143758898501705,-0.006455488266449304,-0.0012778803898739024,0.028107853381816286,-0.009926618599671028,-0.01558914420613087
2025-07-09,0.0013900517720019155,0.005366271415913139,0.01783988777058804,0.021576245274881944,0.000849270119212399,0.013189206239313337,0.010407010152403907,0.057670474379015416,0.00902315640854324,-0.02254522249210793
2025-07-10,0.0017498283805606845,0.0059970054947703815,0.0074622986953861055,0.04101205071842649,0.0,0.008908453737408105,0.0006901522785721861,0.06431827026714018,0.007036863348983354,0.008218062470961091
2025-07-11,0.011568474452741711,-0.005902339990113746,0.004984454919256748,0.013103070357299034,-0.0002427788172810381,0.011220780029724424,-0.01389068717090839,0.0010286331862912074,-0.0012349237902995502,-0.04696114877566467
2025-07-12,0.0,0.0,0.0,-0.000696019205401959,0.0,0.0,0.0,-0.005075463317871468,0.0,0.0
2025-07-13,0.0,0.0,0.0,0.014211873752884076,0.0,0.0,0.0,0.010292813483774067,0.0,0.0
2025-07-14,-0.0013417817890844313,-0.012101694334927058,-0.0051673099282076845,0.00613969178492453,0.00012125413307199777,0.026732057973792505,-0.0021002537043304154,0.013360440086174895,0.005098294413404114,0.1592970724022898
2025-07-15,-0.006495750023279325,0.0023460715289743018,0.039614420191223965,-0.017443885857792257,-0.0009705401739936439,0.008842585175821885,-0.007033277458870845,0.04113496333191673,-0.010335441480486632,0.02996048936992616
2025-07-16,0.006794079381100563,0.005008640671377069,0.00391734766955151,0.008129063950949825,0.0013345946264503212,0.005688884410654164,0.0014105998880277006,0.07117212126317728,0.0010158408933777007,-0.004118265006050211
2025-07-17,-0.0037055602760010316,-0.000666366230369783,0.009466639146369284,0.0046325315439855776,-0.0003640544524566785,-0.022414899792763402,-0.0002350854095018318,0.030748073722898034,0.003547163533933408,0.007102782261178929
2025-07-18,0.003854691586396078,0.00550807738367113,-0.0034161611860592275,-0.010844225617985717,0.0008486525536842301,0.011422172938669758,0.0015262817008396049,0.020562632197560386,0.017715405458803325,-0.0169049426779826
2025-07-19,0.0,0.0,0.0,-0.000536145993420385,0.0,0.0,0.0,0.012949634010720346,0.0,0.0
2025-07-20,0.0,0.0,0.0,-0.005434339336073631,0.0,0.0,0.0,0.04465825518044695,0.0,0.0
2025-07-21,0.01447860287732854,0.006137064624154945,-0.005992059702308101,0.0011821574696331473,0.0006057261872632232,-0.0015584737241844076,0.008876621710110525,0.001036816217104121,0.0027019287410308995,-0.007987908282501675
2025-07-22,0.010904801640990577,0.008995464644902751,-0.025709853858088744,0.021529885923986695,0.0007262545996675805,-0.014793478684288599,0.006028259928099315,-0.003787238650889784,0.011879186099921916,-0.026312228865667812
2025-07-23,-0.013200213092493647,-0.0011666327814257354,0.022202635834811597,-0.010391307548023082,-0.0008475224384505075,0.016010025192576945,-0.005563283462192444,-0.0323769537244437,-0.006770829458243506,0.016911721006258863
2025-07-24,-0.006829222657993172,-0.0018228496418377618,0.017183810026743608,-0.0032638027078905844,-0.0008479561938520301,0.01818619595783973,-0.0017448465428411258,0.021343166349625905,-0.0015901734902596784,0.0053825346565845155
2025-07-25,-0.011036651923321424,0.000561258324224899,-0.0013823270754584475,-0.0062043007703418435,0.0006056613652623808,0.01326914739313427,0.006267323523730476,0.005181053863514262,0.002356901148580184,-0.015261591006427629
2025-07-26,0.0,0.0,0.0,0.002644369296284202,0.0,0.0,0.0,0.003783586846917838,0.0,0.0
2025-07-27,0.0,0.0,0.0,0.012646766556765231,0.0,0.0,0.0,0.03515049208380752,0.0,0.0
2025-07-28,-0.0074965057238816635,0.0007945711497307053,0.01855865226448988,-0.012840860304521964,-0.00012102692787920476,-0.0036148827277996797,-0.006500328521901617,-0.0229227199194111,-0.009737368664221046,0.02650944866958749
2025-07-29,0.0043120472958143976,-0.013072742970519372,-0.007040184739807816,-1.9742703547879838e-05,0.0008477353643862811,-0.001109230415167611,0.01674507399396702,0.0015905946318109279,0.010394193606746038,-0.04557256700347831
2025-07-30,-0.008339380490785232,-0.010563513000558813,0.02119699099576292,-0.0007716619716275345,-0.0010901182506238304,0.011915023072233974,-0.005166634894114881,0.0038799029350239005,0.007195812727949234,0.01750461389849572
2025-07-31,-0.0007892237945701002,-0.007104750713967829,-0.007840175111206516,-0.01774942596736902,0.0,-0.009070509773924498,0.0005752090510621314,-0.0297144425540805,0.006173208425904622,0.05941965880167217
2025-08-01,0.01641380667687466,-0.02532159306662649,-0.023608121226798857,-0.0212871264623786,0.004972415184565605,-0.006290819766789426,0.014116545405602705,-0.05800920773041707,0.0003238922784292451,-0.045671759471438284
2025-08-02,0.0,0.0,0.0,-0.0070240041801152295,0.0,0.0,0.0,-0.02779521078260077,0.0,0.0
2025-08-03,0.0,0.0,0.0,0.014913601071925728,0.0,0.0,0.0,0.0303756623862349,0.0,0.0
2025-08-04,0.007943973509988255,0.004781584991822558,0.035512069773851344,0.007450970809323143,0.00024193705188244838,0.025110824313111214,0.002729100486358727,0.06143719924574832,0.017705214247872206,0.04088349728637324
2025-08-05,0.0022201510582657955,-0.0021168961182062526,-0.009713718442209087,-0.008118573366820805,-0.00036297481467736757,-0.014990703255277862,0.003061450563988396,-0.029217285611139645,-0.009964106725823233,0.018292078227220114
2025-08-06,-0.0005619433653809127,0.04965337441251654,0.00648625663512085,0.007737149330479471,0.00036297481467727796,0.0005878152916707046,-0.005790551050347207,0.01974379278503146,-0.008172959181622632,-0.0014510798406025321
2025-08-07,0.005987967888747476,0.031298712343558535,0.0074960875747013345,0.021236359971131914,-0.0004838380735571222,-0.0009554457754968101,-0.0017095673692056608,0.06066555755519165,0.009724674392115084,0.17017691227833345
2025-08-08,0.01134616025997749,0.04148529065897599,0.010619919900410979,-0.006902004196733544,-0.00024205415273448894,0.010931892101041434,-0.0043438617200265315,0.02411041626824569,-0.004018158812106403,0.051767860723431425
2025-08-09,0.0,0.0,0.0,-0.0016155749975506003,0.0,0.0,0.0,0.06136011362803994,0.0,0.0
2025-08-10,0.0,0.0,0.0,0.02380361527108938,0.0,0.0,0.0,-0.0022027595957320296,0.0,0.0
2025-08-11,-0.025324517441945554,-0.008372309739574823,-0.0035091545807863955,-0.004833792329587668,0.0,0.0006907363052321054,0.001144966373678077,-0.006426241550935542,-0.002849103410384899,0.021004931657374135
2025-08-12,-0.0012534156557426127,0.010813758371364397,0.006023816556037098,0.012067410412961721,0.0007258922262915879,0.015969214578318285,-0.005047614930389263,0.08259681973596456,0.004619159526121887,0.06996056723115741
2025-08-13,0.002922075262479989,0.015897437361664515,-0.00860873784140695,0.02604611531030144,0.0013295613065462412,-0.03927674024341294,0.00824651027673777,0.03538349736429032,0.0024619205778042452,-0.06442354161078814
2025-08-14,-0.007021346864233285,-0.002360009613884975,0.0023651897166505477,-0.04125044324166835,-0.001087777283341147,0.0031196392679216757,-0.007441663593159806,-0.04474079806887246,-0.0068658728113994046,-0.031205324805058766
2025-08-15,0.0002398515522892742,-0.005125269260025916,-0.008662804692042638,-0.008154397097906272,-0.00036279250425089556,-0.006883143673735484,-0.007150361260746382,-0.024072338519640694,-0.003072619462150503,0.04512478319079075
2025-08-16,0.0,0.0,0.0,0.000791861061786004,0.0,0.0,0.0,-0.0031148977647721,0.0,0.0
2025-08-17,0.0,0.0,0.0,-0.000325941461445338,0.0,0.0,0.0,0.010583067342857232,0.0,0.0
2025-08-18,-0.0012898149154139478,-0.003027098981898543,0.008607801368352371,-0.01027584894774574,0.0,0.002237686508564218,-0.002897706291179648,-0.03660110203095192,-0.004816706206131987,0.012763743556098349
2025-08-19,-0.005507846531911064,-0.001430291785831238,-0.035625106188042995,-0.029870220205219213,0.0004838515928106562,-0.009431727206486343,0.005787130815597945,-0.0570251441525558,0.009556597029424373,-0.07661368320784112
2025-08-20,0.009013401028552843,-0.01993191816954049,-0.0013673634964971996,0.012712851606869349,0.00036261704079506055,0.0019159651467532195,0.002190059523604386,0.06211260552585306,0.0007518999882254848,0.004158609463950498
2025-08-21,-0.0019460210593331287,-0.004923348506283113,-0.0023974379006856325,-0.016372327846506683,-0.000846468633605671,0.008483565534653183,-0.004963630235761625,-0.026010882828823047,-0.006410084760712253,-0.019304765627100397
2025-08-22,0.011175298783647576,0.012636557853807545,0.01705581002367675,0.03886392642477823,0.0021751607245937537,-0.008145821251684572,0.007379101698489462,0.1345301555861272,0.0059267017225279025,0.04143834906924576
2025-08-23,0.0,0.0,0.0,-0.012915297318543016,0.0,0.0,0.0,-0.011503359080490645,0.0,0.0
2025-08-24,0.0,0.0,0.0,-0.01674535783150271,0.0,0.0,0.0,0.0007445011882122046,0.0,0.0
2025-08-25,-0.00017778178523024962,-0.0026378418247804086,0.01017330889317426,-0.029826315528831894,-0.0004831281280860898,0.0003000575717033593,-0.0028761286757562573,-0.08892030986931461,-0.011019347275513009,0.014964211410011091
2025-08-26,0.004377165544111227,0.00942022868226202,0.010841395706416915,0.01512512333952803,0.0008451325006152973,0.027122220760244013,-0.0005759842270205055,0.05070259165713758,0.0020076356364865555,0.0065481616734921495
2025-08-27,0.0047106015210283785,0.005132719840409774,-0.0009356628960004141,-0.00520655346926939,0.0007235216047841726,-0.00215592070353145,-0.0011534180835554796,-0.021317945222453807,0.001733123225951088,-0.005406256984144228
2025-08-28,0.007957432015570034,0.008940749184059306,-0.007905624375742408,0.011822640333317674,-0.00036155396209671146,0.009647712388808016,0.006556472409928437,0.0008400507082163926,-0.006950418684831807,0.027298760742982396
2025-08-29,0.012135375150160638,-0.0018076343154578571,-0.03381165435421267,-0.03742335971466304,0.0008437366252054675,-0.0029027086781153208,-0.007133726091754546,-0.03316406815035287,-0.0045329980803115915,-0.053018988002896665
2025-08-30,0.0,0.0,0.0,0.0036574608046354446,0.0,0.0,0.0,0.0032058643303688183,0.0,0.0
2025-08-31,0.0,0.0,0.0,-0.005264910692760397,0.0,0.0,0.0,0.003620590588626398,0.0,0.0
2025-09-01,0.0,0.0,0.0,0.00932367209897638,0.0,0.0,0.0,-0.017359025442644074,0.0,0.0
2025-09-02,0.02155825335719171,-0.010479434881735175,-0.019713036514491123,0.017691382281182146,-0.0005078151349285478,0.0006901482779589765,-0.007469600228417878,0.002522157519447648,-0.003399469601390885,-0.03879923327008668
2025-09-03,0.012264609179004047,0.0373823332188683,-0.0009372260023245525,0.004688830576405435,0.0007254654457651605,0.0019587956950669963,0.01091782672331245,0.02849484711440696,-0.0018140619394354264,-0.0010656877519304683
2025-09-04,-0.007654710471889562,0.00547826662608221,0.006076904242296264,-0.00898746169776838,0.0007248454255083685,0.022716951691142975,0.007595025097752956,-0.03466862435314752,-0.0014317903587138634,-0.011335872527801253
2025-09-05,0.013205346467745164,-0.00037541330898129005,-0.02740216240269134,-0.0006560571512495267,0.0014482105154516346,-0.010828141630829572,0.015131858503843293,0.001916078854581932,-0.0022617122792865907,0.008590289634591174
2025-09-06,0.0,0.0,0.0,-0.0038599957441809024,0.0,0.0,0.0,-0.007632177983046839,0.0,0.0
2025-09-07,0.0,0.0,0.0,0.008518160055379413,0.0,0.0,0.0,0.0072510704136302725,0.0,0.0
2025-09-08,0.00686780141163577,-0.00758004513282915,0.007693824414153946,0.008097306013038336,0.0006028886797179124,-0.011453919390499497,0.013236178550692963,0.0006326428969182894,-0.010604395895950507,-0.02177193502846055
2025-09-09,0.0014282835584511465,-0.0149506219450665,0.014451498666018775,-0.004837916692699648,-0.0008439391874504992,0.0006880239839533959,-0.005699155551280359,0.00022495659480887043,0.007008217088966873,0.4016071697232579
2025-09-10,8.235294082891736e-05,-0.032791271045805793,0.03775343262051414,0.02150827089182057,0.00012048552863070428,0.025624470644580167,0.005699155551280415,0.009264012590971931,0.01529090438249178,-0.02464300920691243
2025-09-11,-0.001840587103648067,0.014185276809186579,-0.0008462586151700266,0.013529013824572132,0.0003617452811488575,-0.006548970110944312,0.006663792322195524,0.025445771445145746,0.005932118750430895,-0.04601531353490388
2025-09-12,0.0034311001737597525,0.017410496957209892,0.0036620168169008314,0.005129680319349263,-0.00012062985710693104,0.00046165034287910643,-0.004326427857641815,0.055375833984928235,0.004763753694517939,0.01358596820364346
2025-09-13,0.0,0.0,0.0,-0.0013020381457220277,0.0,0.0,0.0,-0.01003190137015891,0.0,0.0
2025-09-14,0.0,0.0,0.0,-0.0046927460797969575,0.0,0.0,0.0,-0.012628630251366887,0.0,0.0
2025-09-15,0.008947642619622902,0.011173249798929598,-0.0003937326094895513,0.00032244610982561805,0.0003617520052411009,0.01790817043770494,0.002332087568577157,-0.018120801633332004,0.0031274457328789823,0.0060649181222633165
2025-09-16,0.0018178977764950366,0.006107248126145962,-0.01627798588375764,0.012039614740681204,0.00048206994665997183,0.02135488402060269,0.002105068568478353,-0.005150591340382687,-0.017651594879882077,-0.01696363960657222
2025-09-17,-0.0019265078645296421,0.003521013968839509,-0.02659722737366243,-0.003211840787451935,-0.00048206994666007407,-0.011914868778102279,-0.0025489021182996917,0.01960617454339147,0.0031731281757423303,0.05068930384251352
2025-09-18,-0.01040214079746196,-0.004655392669439339,0.03434388991210669,0.005725006775122414,-0.00036175200524104383,0.025879729912188277,-0.010373146734397133,-0.0006129935246967591,0.0015281826300063111,0.0004250894278084713
2025-09-19,0.007600662414640123,0.03153058391446455,0.0024367633114044094,-0.012441583362179643,0.0003617520052411009,0.013540206859722988,-0.0019078739605118003,-0.026268833690720465,0.008417840913938612,0.05367565329071114
2025-09-20,0.0,0.0,0.0,0.0002860848311332532,0.0,0.0,0.0,0.002535107207270289,0.0,0.0
2025-09-21,0.0,0.0,0.0,-0.0036001483649767967,0.0,0.0,0.0,-0.006925912367546399,0.0,0.0
2025-09-22,0.018672448725779663,0.042192900302590174,0.038530451374934785,-0.02243053331974822,-0.00048230245018102044,-0.00039864976490942004,-0.003601290179108871,-0.057433330283538045,0.008561876362673816,0.070837251086106
2025-09-23,0.010610006389506373,-0.006464105813548765,-0.028617642790173294,-0.006531416615244119,0.00036170167785169277,0.015198657251970166,0.0069655971541334885,-0.00893214161372529,0.005400880315268101,0.011194189366654866
2025-09-24,-0.01291164894810577,-0.00836725849202465,-0.008216136468703266,0.011663525697123141,-0.0004822666569536967,-0.017593388909233,-0.0038136496638997313,-0.0028933081415406605,0.005978394654597356,0.049143491188643196
2025-09-25,0.001285260502940439,0.01791159235712427,0.004060340737146719,-0.038491879643615556,-0.0008445502172358144,-0.01044381698610111,0.0,-0.0711200266948419,-0.009597634006003357,-0.047845638164305725
2025-09-26,0.010223498096000606,-0.005504221127631377,0.0028099031575023995,0.00606632543055882,0.0006032826430429155,-0.007430482824061038,-0.0008994676585542199,0.042402417497849315,0.01412314680221613,-0.00222598398205993
2025-09-27,0.0,0.0,0.0,-0.00028152733285390487,0.0,0.0,0.0,-0.0042782702597103876,0.0,0.0
2025-09-28,0.0,0.0,0.0,0.022008506441889,0.0,0.0,0.0,0.030104315261995657,0.0,0.0
2025-09-29,0.012006108728818521,-0.0040401127374681736,0.020331822428759798,0.020111147409077906,0.0003618325532948543,-0.0033660095307015843,0.008177761493442725,0.018152641761310057,0.003499859642470722,0.023128823703624644
2025-09-30,0.005194719543134664,0.0007858061820065801,0.025677826329153195,-0.0030141158842399056,0.0004823024501810186,0.02419166187316447,-0.0029048937337463306,-0.017071255792248,0.002643285335752015,0.01842827503990783
2025-10-01,0.006927612517481628,0.003215167495093121,0.0035311956061996734,0.03947865276779501,0.0011600862406138405,0.0001994372134583305,0.002579088535642825,0.04829774681358695,0.007783313187105929,0.029315808396483387
2025-10-02,-0.0072140776340165556,0.006555096245001334,0.008773575541577188,0.016983874858595087,0.00024153487226697751,-0.0047640929734352805,0.00290770101300179,0.030958681092087215,-0.0004715189206496017,0.08502718715756562
2025-10-03,0.010647104699776156,0.0034553030219053762,-0.006746228303479965,0.013050507216426515,-0.00036237110039121417,-0.008215294260243979,-0.0019003193275641,0.00598633191392021,0.010583210471668731,0.016624377817258937
2025-10-04,0.0,0.0,0.0,0.0012987632223538373,0.0,0.0,0.0,-0.0057026245883215225,0.0,0.0
2025-10-05,0.0,0.0,0.0,0.008848164694084894,0.0,0.0,0.0,0.0058249342556798145,0.0,0.0
2025-10-06,0.017294429424654912,-0.005168026032186899,-0.011148155872539672,0.009981752928713129,-0.000241528578677777,0.004099308741789991,-0.007975177387225385,0.03745846897136311,0.009907748118125118,-0.024040386335402918
2025-10-07,0.007091447444070091,-0.0008183005676313406,-0.002698441213908405,-0.02681798376519831,0.00048299883538747816,0.01173414729683533,0.005735152238253784,-0.05179439967668895,0.003843642658050605,-0.059694653268095935
2025-10-08,0.016633994907520277,0.006141432973893202,0.02175681948046783,0.015551259305387295,-0.00012063402858556818,0.002713984245685905,0.000784640875154391,0.017039681537971894,0.007338780190202362,0.03588205639529947
2025-10-09,-0.024282758867578195,-0.01570052856314726,0.01813089463097838,-0.01346040236705057,-0.00012083622812409902,-0.010666117121298689,-0.000784640875154472,-0.03563558115607337,-0.002491210670259207,0.08361764205216347
2025-10-10,0.007472669571045818,-0.035132010240949876,-0.050099631530154766,-0.07232182184699049,0.0016897242608488814,-0.02660785577770518,0.01601827515266836,-0.12831140837959246,-0.004847569519943164,-0.02334022163291986
2025-10-11,0.0,0.0,0.0,-0.021485160033407134,0.0,0.0,0.0,-0.024336685988953978,0.0,0.0
2025-10-12,0.0,0.0,0.0,0.038609346343899696,0.0,0.0,0.0,0.1046599548465011,0.0,0.0
2025-10-13,0.03283124863445809,0.009697188915848344,0.02778258522403875,0.0008792929662890047,0.001927436806173168,0.020509457280291684,-0.0005520065699019009,0.01927314020135495,0.009063648966532209,0.04437797819772274
2025-10-14,0.007299414410765657,0.00044404353368307243,-0.045019240466325876,-0.01884916344559421,-0.0007223301313997065,0.00853398973786561,0.003196820986764642,-0.028686087571137622,0.008630615864583,-0.05547503816804593
2025-10-15,0.009187545165353398,0.0063165438978581715,-0.0011114789856192203,-0.020862578290898413,-0.0004818122521708072,0.00013325645193286358,-0.0022035833224741588,-0.03401161563733763,0.01228651662288037,-0.018269601026487385
2025-10-16,0.02443046188439831,-0.007608860438562327,0.01095022271154542,-0.02372248478317967,0.001324542343408212,-0.0009333723706550054,0.0074724898805277285,-0.023523683730590886,-0.010579402374247532,-0.02242229095746407
2025-10-17,-0.02132293911227755,0.01937056750233797,0.007725462942447067,-0.016009839805348834,-0.00012039995983761379,0.0010000449094231636,-0.0015339486948875846,-0.016097936733144195,-0.0032159070837411625,-0.08123542889284446
2025-10-18,0.0,0.0,0.0,0.006837580349705927,0.0,0.0,0.0,0.014965464892231361,0.0,0.0
2025-10-19,0.0,0.0,0.0,0.013605430464268035,0.0,0.0,0.0,0.02395124435582602,0.0,0.0
2025-10-20,0.03436764429162454,0.03868097494530444,-0.003170638763439442,0.01753449073833947,0.00012039995983765856,0.0084271383501512,0.00383038366315205,-0.0009765736224249387,0.00045279909005492363,-0.039926202076237566
2025-10-21,-0.059062035540049886,0.0020188933418115364,-0.008136414546060781,-0.019282830173496076,0.00024066298984348593,0.012965598565125719,0.004903257630326817,-0.02647199328426445,-0.011841581557635678,-0.044268304869856674
2025-10-22,-0.01064926865576389,-0.016576702058946933,-0.004869391502995129,-0.007293562270818725,0.0,-0.02891741122174666,0.000651977531396661,-0.017864589534395174,-0.003927530767837913,-0.055805468713154796
2025-10-23,0.019854040473195667,0.004362523603168023,0.010374211051715317,0.021870444424777702,-0.0007223498305384093,0.028134493305827526,-0.006866801331639095,0.012500977883111481,-0.00010224733401749307,0.07367331587395134
2025-10-24,-0.0017225098547725875,0.012404640585310558,0.022258035392054606,0.008721714285261932,0.0006019788447724203,-0.008258816025134725,0.00043749359096704603,0.020163720301495172,0.012495116262201046,0.0994462852338813
2025-10-25,0.0,0.0,0.0,0.005459116892619,0.0,0.0,0.0,0.004792978900665804,0.0,0.0
2025-10-26,0.0,0.0,0.0,0.025039267744803344,0.0,0.0,0.0,0.050437692043162216,0.0,0.0
2025-10-27,-0.028695490766858036,0.022535316635468854,0.027692151144970242,-0.0030895028553826285,-0.00024069196391520985,0.029091884738007265,0.0033832725602380384,-0.009148814294667162,0.0026214123730454795,0.06735412671565508
2025-10-28,-0.008960778782097539,0.0007065606505676427,0.04861857742843619,-0.010244824086811922,0.00012039995983765856,-0.009797226594497256,0.0026114307267796092,-0.03403267878386088,-0.016241543995573315,-0.02912119107371615
2025-10-29,0.004402578266743398,0.0025988547161788934,0.02945785122908878,-0.02601680546576632,-0.001927298186003139,0.01438961224387266,-0.010157827013164845,-0.020014178492566474,-0.000307150151446702,0.026486759879688283
2025-10-30,0.004408297096619672,0.006283446827328092,-0.020248085279448852,-0.01602663895461955,0.00012061769384415333,-0.011295593543857913,-0.005835473005796151,-0.025684149923013565,-0.005440261101871526,-0.007381276881317539
2025-10-31,-0.0047849023856938715,-0.003802262344922466,-0.0019734183403692595,0.01148096119628519,0.0003615785987860775,-0.005809246870620018,-0.0029858899243327282,0.011162718308131604,-0.006453846285938414,0.052090260125786166
2025-11-01,0.0,0.0,0.0,0.004624825172493095,0.0,0.0,0.0,0.007021586687225155,0.0,0.0
2025-11-02,0.0,0.0,0.0,0.005216141233319792,0.0,0.0,0.0,0.009473174047530416,0.0,0.0
2025-11-03,0.0045349523774452045,-0.004894215035782787,0.021448378486165685,-0.03768718290100999,3.622555378096821e-05,-0.0010686675595928516,-0.002504063229391355,-0.08223448305523949,0.0011906100609135012,-0.08242161910846023
2025-11-04,-0.013236252040332198,0.003672905070218473,-0.04039310108689996,-0.04764085753760775,0.0003627448029040418,-0.014425398848128893,0.0022262682526524454,-0.08990501013567212,-0.004303217298631482,-0.0860233147241663
2025-11-05,0.008224087134207535,0.00037029605711407865,-0.01766982230750043,0.022400061321748738,-0.0007254339606486287,0.002986938129765175,-0.010956059872957898,0.039481668810072805,0.0014018642829913585,0.05679648011032208
2025-11-06,-0.0001005367923334668,-0.0013707015250660128,-0.037208545384962245,-0.025251182491850755,0.0012086085269838354,0.0005242362114429561,0.008952702224030964,-0.03352136366985419,-0.004576368003695196,-0.06679745861534497
2025-11-07,0.004887656635851291,-0.004830527423588933,0.0003721114707823952,0.02023892596873405,0.00048294122141557974,0.006530217738162136,-0.0021189654222621194,0.03647448115981518,0.013564041176256841,0.016673060463122148
2025-11-08,0.0,0.0,0.0,-0.010603212214200236,0.0,0.0,0.0,-0.010218549741346181,0.0,0.0
2025-11-09,0.0,0.0,0.0,0.023551839699680072,0.0,0.0,0.0,0.05220874290983875,0.0,0.0
2025-11-10,0.027716515886168476,0.004538407434672484,0.05631653285510292,0.01212026933646231,-0.00024148820800860415,0.015084178054662488,-0.0002233834971930862,-0.003960630532174714,-0.00041149707966925316,-0.012023847400632358
2025-11-11,-0.0012167524528548244,0.02137110593244862,-0.030037214335174377,-0.028702546476841843,0.0008449070044171217,-0.003918754018601629,0.00456803512173198,-0.04387398640993172,0.00020572991713846783,-0.07289832396284672
2025-11-12,0.02348748385555354,-0.006487791833362907,0.003307882918741538,-0.013039146642676998,-0.0003618954333636811,-0.0054861823916895845,0.0017768511860461165,-0.0006408517068140884,0.002311847544040986,-0.08001010427425034
2025-11-13,-0.004170992761122764,-0.0019032501358421112,-0.03646711365097375,-0.019524742976585432,-0.0006037307903120456,-0.015819208751387148,-0.00824522866144802,-0.054283922809847215,-0.013483404583933241,-0.0626468912468017
2025-11-14,-0.024002555332014903,-0.0019804359095259394,0.017558788910905374,-0.054622871136591485,0.000362207427267478,0.0021346904415902672,-0.005722179214931103,-0.04071281618360177,0.00041603337363077135,-0.05914479973282331
2025-11-15,0.0,0.0,0.0,0.01212310649874722,0.0,0.0,0.0,0.020045814386644864,0.0,0.0
2025-11-16,0.0,0.0,0.0,-0.014463938461922525,0.0,0.0,0.0,-0.023576197316441422,0.0,0.0
2025-11-17,-0.0047327908648018505,-0.018338265985077234,-0.018951133903844657,-0.02236838271634354,-0.00012078356012073057,-0.01550571572130862,0.0024725378991486313,-0.022333536068642135,0.007613234895132297,0.02878918008314748
2025-11-18,-0.0017221023533426794,-7.469497556412872e-05,-0.028483287444823868,0.009241173563305538,0.0006036785318128905,-0.013822497454311694,-0.0003368124226621526,0.032028732106195945,-0.003825255325851638,0.051677002008341306
2025-11-19,0.004029960569867122,0.004179013490990589,0.028054414059495738,-0.016082377699808928,-0.00012072524490726853,0.016118837848324914,-0.002023172864908808,-0.03251421900082368,-0.006860130838231407,0.04882170704126021
2025-11-20,-0.0052125591455094164,-0.008638599469070626,-0.032032341881092705,-0.05429914313161118,0.0008443973387222925,-0.03449548721751967,0.003930162227144691,-0.06536849882670856,-0.005542961800901051,-0.1162064982620864
2025-11-21,0.004967292782076356,0.01948949882234899,-0.009790851268402874,-0.017950490472289502,0.001205019760742198,-0.011002448822121426,0.0030213032615253707,-0.023611152385789574,0.0013624531514434834,-0.016438693474668108
2025-11-22,0.0,0.0,0.0,-0.00521187239368071,0.0,0.0,0.0,0.0006897153274086759,0.0,0.0
2025-11-23,0.0,0.0,0.0,0.025158586579000386,0.0,0.0,0.0,0.012234618260287876,0.0,0.0
2025-11-24,0.0037215603622990662,0.01618582582601152,0.020308941393949672,0.016742357810839485,0.00012057134045047056,0.02273553605858856,0.0056821869887362375,0.05250671846439223,0.011610151694540542,0.09873277854115584
2025-11-25,0.01149319363831883,0.003798202195763628,-0.02625236853586816,-0.01057647695675446,0.000601800049035529,-0.002076568992188287,0.0025519445886626898,0.0017672851723719149,-0.0032143920912579317,-0.03341393153609298
2025-11-26,0.006261760929431564,0.00209182590417099,0.013628426497535618,0.03572258791333639,-0.00012021920168614302,0.010778689430406833,0.004422831022541214,0.023348428095094007,0.012437184611479715,0.06332130934931986
2025-11-27,0.0,0.0,0.0,0.008437806108495432,0.0,0.0,0.0,-0.004392260426713515,0.0,0.0
2025-11-28,0.012667816416397979,0.004672952133414649,-0.018250529412443567,-0.004018666774419681,0.0,0.006150677978531451,-0.0047552643310091675,0.005874882913213043,0.007511007307559943,0.0018991385772362673
2025-11-29,0.0,0.0,0.0,-0.00074277862694653,0.0,0.0,0.0,-0.013485997805236051,0.0,0.0
2025-11-30,0.0,0.0,0.0,-0.005047792573132774,0.0,0.0,0.0,0.00014280097860070945,0.0,0.0
2025-12-01,0.004965958221290471,0.015126209461309542,0.01636265119304991,-0.04610183805407602,-0.0008574234783521188,-0.034080694251429865,-0.01252702909855141,-0.0662927736435053,-0.023016747435206642,0.05416151499197023
2025-12-02,-0.01250914319860585,0.010855683796743168,0.008522905549192763,0.05662099387030378,0.000603797433167719,0.0030115626899715705,0.00045060801442118687,0.06823838280892502,-0.007738950235131908,-0.03764436963685203
2025-12-03,0.0030288262173034956,-0.007153633631999635,-0.01035878011343199,0.023558262011831657,0.0006037125803290839,-0.0028730399215814,0.0028109699298095943,0.06258823046337834,-0.003049321130415194,0.025286716431845355
2025-12-04,0.0029722651693542806,-0.012215793279375341,0.02093976783855516,-0.014931972865932171,-0.0007243496711040599,0.011613857855245721,-0.0054041749508117005,-0.01810241754529839,-0.0010009225950451458,0.03847395856466866
2025-12-05,0.00026116008896670296,-0.006863570983802831,-0.005303645132968037,-0.030343059975675362,-0.00036246495399471494,-0.02751117665366701,-0.004639246187990202,-0.03568750802814642,-0.010277758661815907,-0.04740981470920818
2025-12-06,0.0,0.0,0.0,-0.0012916460625568118,0.0,0.0,0.0,0.005202266348911221,0.0,0.0
2025-12-07,0.0,0.0,0.0,0.012614572226014349,0.0,0.0,0.0,0.006914380156550822,0.0,0.0
2025-12-08,-0.006118924040939417,-0.003197560218945108,0.01706749448128362,0.002591195979813834,-0.0002415919259230161,0.011381002924970955,-0.0032944665581735237,0.020657404003744346,-0.01156877897274913,0.023089203189625884
2025-12-09,0.0046462393338665645,-0.0025582890023414006,-0.0031307522745199433,0.022381192698197744,-0.00048363902772122485,-0.006567713170629353,0.0010235340597178047,0.06080292642241868,5.3842863532978526e-05,-0.039854802526807516
2025-12-10,-0.002451547168984526,0.005755849221286536,-0.006454291233027983,-0.007262832846635849,0.0016912949457035904,-0.006011528907952119,0.0038574521565157773,0.001286434597521452,-0.0009700325112365238,-0.029686467621150663
2025-12-11,0.021010239753042382,-0.0026939160410902646,-0.01562921714424109,0.0053149701081481185,0.00012075063303945834,0.016852971386181494,-0.0013596571016739718,-0.02692245348848621,0.008483120288789113,0.007345564080410513
2025-12-12,0.003401069596484952,0.0008988517870461178,-0.03320989556876012,-0.024521421452147512,0.00012064289916817319,0.03873119958711445,-0.009685163642686484,-0.048381125268667786,-0.005522022141479669,-0.07246116948770012
2025-12-13,0.0,0.0,0.0,0.0003134187556330964,0.0,0.0,0.0,0.010489822947687412,0.0,0.0
2025-12-14,0.0,0.0,0.0,-0.02379767101791624,0.0,0.0,0.0,-0.01816399360114702,0.0,0.0
2025-12-15,0.001533693992035725,-0.015098445975886323,0.0072300945050929495,-0.020108914713088392,0.0006031824692454473,0.0038948703454622906,0.0006868973823912134,-0.03200777016588088,0.008085102094100172,-0.0776318453764961
2025-12-16,-0.0005110078294488002,0.0018224589395023538,0.00807896271619421,0.016345736935078115,0.0004823213768571779,-0.007503594591283254,0.00547693714573558,-7.412721688312701e-07,-0.0033117461028180166,-0.0023444078317481163
2025-12-17,0.009939980130428714,-0.010138194827446231,-0.03889665598996,-0.019544833040854463,0.00012049748260914176,-0.022170272677006612,-0.0009108745920182616,-0.045828192848759323,-0.007992526310870123,-0.07036149765791243
2025-12-18,-0.0018418331441386099,0.0012866850997309658,0.01854688041923136,-0.007939728497768105,0.0007227731176867757,0.03203006006818139,0.004772269386520468,-0.0015320294953636582,0.010377335317001468,0.03439181601213578
2025-12-19,0.005033950243312225,0.005422726861126484,0.03858226769342382,0.030433154968407768,-0.00018103952722532722,0.018131559144426327,-0.0037393436889533063,0.05200157806139122,-0.0134244968507464,0.13592962699219915
2025-12-20,0.0,0.0,0.0,0.002727355122150639,0.0,0.0,0.0,-0.0001303602133292682,0.0,0.0
2025-12-21,0.0,0.0,0.0,0.0031390280669266876,0.0,0.0,0.0,0.008038330984924418,0.0,0.0
2025-12-22,0.018896813791643464,-0.009915011500959322,0.014807720863768428,-0.0014875849588890807,-0.00048349059190930797,0.024183589609525876,-0.0021726207016719594,0.0014847515809792915,0.00521804655585076,0.04127800654483987
2025-12-23,0.008557909489307347,0.005116613877828172,0.02960802520538894,-0.012234274952953525,-0.0004837244681433249,0.002538600527689318,0.0016012755738495543,-0.014306326840175283,0.002057914101928636,-0.03492665975407523
2025-12-24,-0.0004908198003828014,0.0053096944255422995,-0.003176160869262579,0.002262076104062497,0.0006045725201923595,0.0038591309104140394,0.006038819045874994,-0.006019159755460499,0.004857284611617687,0.012144093807333809
2025-12-25,0.0,0.0,0.0,-0.0043148578556266,0.0,0.0,0.0,-0.014365015056822025,0.0,0.0
2025-12-26,0.010766277995574931,-0.0014984751785940306,0.010128246578783116,0.0007641682813230021,0.0007249677006679032,-0.005095876636032341,-0.0032997391204852007,0.007605038907991378,-0.001239102214585166,-0.039620234003548284
2025-12-27,0.0,0.0,0.0,0.00571921956587603,0.0,0.0,0.0,0.007577038564263875,0.0,0.0
2025-12-28,0.0,0.0,0.0,0.0003835125589097617,0.0,0.0,0.0,0.00019327323098403297,0.0,0.0
2025-12-29,-0.04608798173882948,0.0013159470067161956,-0.012198174039464112,-0.007974888882579774,0.0004829890058925695,-0.010217945118177304,0.0037540373612887402,-0.00476952504017534,0.0017772919112479778,-0.017854479325075497
2025-12-30,0.010350630404542907,-0.0024870835251959533,-0.003619329992199194,0.01471809780879094,0.00024145349733651727,0.0006738287039659304,-0.0023872618266555685,0.012488715813386491,0.0019890346300963538,-0.010163077386079843
